Device_id,event,ddr(KB),hbm(KB),memory(KB),timestamp(us)
2,APP,0.0,18846992.0,18846992.0,1788522390918472.799	
2,APP,0.0,18851212.0,18851212.0,1788522391018450.799	
2,APP,0.0,18851216.0,18851216.0,1788522391118447.799	
2,APP,0.0,18851216.0,18851216.0,1788522391218447.799	
2,APP,0.0,18851216.0,18851216.0,1788522391318447.799	
2,APP,0.0,18851216.0,18851216.0,1788522391418448.799	
2,APP,0.0,18851216.0,18851216.0,1788522391518447.799	
2,APP,0.0,18851216.0,18851216.0,1788522391618448.799	
2,APP,0.0,18851216.0,18851216.0,1788522391718446.799	
2,APP,0.0,18851216.0,18851216.0,1788522391818446.799	
2,APP,0.0,18851216.0,18851216.0,1788522391918447.799	
2,APP,0.0,18851216.0,18851216.0,1788522392018447.799	
2,APP,0.0,18851216.0,18851216.0,1788522392118446.799	
2,APP,0.0,18851216.0,18851216.0,1788522392218447.799	
2,APP,0.0,18851216.0,18851216.0,1788522392318446.799	
2,APP,0.0,18851216.0,18851216.0,1788522392418445.799	
2,APP,0.0,18851216.0,18851216.0,1788522392518446.799	
2,APP,0.0,18851216.0,18851216.0,1788522392618446.799	
2,APP,0.0,18851216.0,18851216.0,1788522392718446.799	
2,APP,0.0,18851216.0,18851216.0,1788522392818447.799	
2,APP,0.0,18851216.0,18851216.0,1788522392918445.799	
2,APP,0.0,18851216.0,18851216.0,1788522393018446.799	
2,APP,0.0,18851216.0,18851216.0,1788522393118446.799	
2,APP,0.0,18851216.0,18851216.0,1788522393218445.799	
2,APP,0.0,18851216.0,18851216.0,1788522393318446.799	
2,APP,0.0,18851216.0,18851216.0,1788522393418446.799	
2,APP,0.0,18851216.0,18851216.0,1788522393518445.799	
2,APP,0.0,18851216.0,18851216.0,1788522393618446.799	
2,APP,0.0,18851216.0,18851216.0,1788522393718446.799	
2,APP,0.0,18851216.0,18851216.0,1788522393818446.799	
2,APP,0.0,18851216.0,18851216.0,1788522393918445.799	
2,APP,0.0,18851216.0,18851216.0,1788522394018445.799	
2,APP,0.0,18851216.0,18851216.0,1788522394118445.799	
2,APP,0.0,18851216.0,18851216.0,1788522394218445.799	
2,APP,0.0,18851216.0,18851216.0,1788522394318446.799	
2,APP,0.0,18851216.0,18851216.0,1788522394418445.799	
2,APP,0.0,18851216.0,18851216.0,1788522394518445.799	
2,APP,0.0,18851216.0,18851216.0,1788522394618446.799	
2,APP,0.0,18851216.0,18851216.0,1788522394718447.799	
2,APP,0.0,18851216.0,18851216.0,1788522394818446.799	
2,APP,0.0,18851216.0,18851216.0,1788522394918446.799	
2,APP,0.0,18851216.0,18851216.0,1788522395018479.799	
2,APP,0.0,18851216.0,18851216.0,1788522395118445.799	
2,APP,0.0,18851216.0,18851216.0,1788522395218448.799	
2,APP,0.0,18851216.0,18851216.0,1788522395318548.799	
2,APP,0.0,18851216.0,18851216.0,1788522395418445.799	
2,APP,0.0,18851216.0,18851216.0,1788522395518446.799	
2,APP,0.0,18851216.0,18851216.0,1788522395618446.799	
2,APP,0.0,18851216.0,18851216.0,1788522395718446.799	
2,APP,0.0,18851216.0,18851216.0,1788522395818446.799	
2,APP,0.0,18851216.0,18851216.0,1788522395918458.799	
2,APP,0.0,18851216.0,18851216.0,1788522396018446.799	
2,APP,0.0,18851216.0,18851216.0,1788522396118446.799	
2,APP,0.0,18851216.0,18851216.0,1788522396218446.799	
2,APP,0.0,18851216.0,18851216.0,1788522396318446.799	
2,APP,0.0,18851216.0,18851216.0,1788522396418445.799	
2,APP,0.0,18851216.0,18851216.0,1788522396518447.799	
2,APP,0.0,18851216.0,18851216.0,1788522396618446.799	
2,APP,0.0,18851216.0,18851216.0,1788522396718447.799	
2,APP,0.0,18851216.0,18851216.0,1788522396818447.799	
2,APP,0.0,18851216.0,18851216.0,1788522396918447.799	
2,APP,0.0,18851216.0,18851216.0,1788522397018446.799	
2,APP,0.0,18851216.0,18851216.0,1788522397118447.799	
2,APP,0.0,18851216.0,18851216.0,1788522397218447.799	
2,APP,0.0,18851216.0,18851216.0,1788522397318447.799	
2,APP,0.0,18851216.0,18851216.0,1788522397418446.799	
2,APP,0.0,18851216.0,18851216.0,1788522397518447.799	
2,APP,0.0,18851216.0,18851216.0,1788522397618446.799	
2,APP,0.0,18851216.0,18851216.0,1788522397718449.799	
2,APP,0.0,18851216.0,18851216.0,1788522397818446.799	
2,APP,0.0,18851216.0,18851216.0,1788522397918445.799	
2,APP,0.0,18851216.0,18851216.0,1788522398018445.799	
2,APP,0.0,18851216.0,18851216.0,1788522398118446.799	
2,APP,0.0,18851216.0,18851216.0,1788522398218445.799	
2,APP,0.0,18851216.0,18851216.0,1788522398318446.799	
2,APP,0.0,18851216.0,18851216.0,1788522398418449.799	
2,APP,0.0,18851216.0,18851216.0,1788522398518447.799	
2,APP,0.0,18851216.0,18851216.0,1788522398618449.799	
2,APP,0.0,18851216.0,18851216.0,1788522398718482.799	
2,APP,0.0,18851216.0,18851216.0,1788522398818447.799	
2,APP,0.0,18851216.0,18851216.0,1788522398918447.799	
2,APP,0.0,18851216.0,18851216.0,1788522399018558.799	
2,APP,0.0,18851216.0,18851216.0,1788522399118446.799	
2,APP,0.0,18851216.0,18851216.0,1788522399218449.799	
2,APP,0.0,18851216.0,18851216.0,1788522399318448.799	
2,APP,0.0,18851216.0,18851216.0,1788522399418446.799	
2,APP,0.0,18851216.0,18851216.0,1788522399518446.799	
2,APP,0.0,18851216.0,18851216.0,1788522399618446.799	
2,APP,0.0,18851216.0,18851216.0,1788522399718447.799	
2,APP,0.0,18851216.0,18851216.0,1788522399818446.799	
2,APP,0.0,18851216.0,18851216.0,1788522399918447.799	
2,APP,0.0,18851216.0,18851216.0,1788522400018445.799	
2,APP,0.0,18851216.0,18851216.0,1788522400118446.799	
2,APP,0.0,18851216.0,18851216.0,1788522400218446.799	
2,APP,0.0,18851216.0,18851216.0,1788522400318446.799	
2,APP,0.0,18851216.0,18851216.0,1788522400418445.799	
2,APP,0.0,18851216.0,18851216.0,1788522400518447.799	
2,APP,0.0,18851216.0,18851216.0,1788522400618446.799	
2,APP,0.0,18851216.0,18851216.0,1788522400718447.799	
2,APP,0.0,18851216.0,18851216.0,1788522400818447.799	
2,APP,0.0,18851216.0,18851216.0,1788522400918450.799	
2,APP,0.0,18851216.0,18851216.0,1788522401018447.799	
2,APP,0.0,18851216.0,18851216.0,1788522401118455.799	
2,APP,0.0,18851216.0,18851216.0,1788522401218446.799	
2,APP,0.0,18851216.0,18851216.0,1788522401318447.799	
2,APP,0.0,18851216.0,18851216.0,1788522401418446.799	
2,APP,0.0,18851216.0,18851216.0,1788522401518447.799	
2,APP,0.0,18851216.0,18851216.0,1788522401618447.799	
2,APP,0.0,18851216.0,18851216.0,1788522401718448.799	
2,APP,0.0,18851216.0,18851216.0,1788522401818447.799	
2,APP,0.0,18851216.0,18851216.0,1788522401918447.799	
2,APP,0.0,18851216.0,18851216.0,1788522402018447.799	
2,APP,0.0,18851216.0,18851216.0,1788522402118446.799	
2,APP,0.0,18851216.0,18851216.0,1788522402218446.799	
2,APP,0.0,18851216.0,18851216.0,1788522402318446.799	
2,APP,0.0,18851216.0,18851216.0,1788522402418445.799	
2,APP,0.0,18851216.0,18851216.0,1788522402518446.799	
2,APP,0.0,18851216.0,18851216.0,1788522402618448.799	
2,APP,0.0,18851216.0,18851216.0,1788522402718470.799	
2,APP,0.0,18851216.0,18851216.0,1788522402818447.799	
2,APP,0.0,18851216.0,18851216.0,1788522402918447.799	
2,APP,0.0,18851216.0,18851216.0,1788522403018525.799	
2,APP,0.0,18851216.0,18851216.0,1788522403118446.799	
2,APP,0.0,18851216.0,18851216.0,1788522403218448.799	
2,APP,0.0,18851216.0,18851216.0,1788522403318553.799	
2,APP,0.0,18851216.0,18851216.0,1788522403418445.799	
2,APP,0.0,18851216.0,18851216.0,1788522403518446.799	
2,APP,0.0,18851216.0,18851216.0,1788522403618446.799	
2,APP,0.0,18851216.0,18851216.0,1788522403718447.799	
2,APP,0.0,18851216.0,18851216.0,1788522403818447.799	
2,APP,0.0,18851216.0,18851216.0,1788522403918446.799	
2,APP,0.0,18851216.0,18851216.0,1788522404018447.799	
2,APP,0.0,18851216.0,18851216.0,1788522404118446.799	
2,APP,0.0,18851216.0,18851216.0,1788522404218447.799	
2,APP,0.0,18851216.0,18851216.0,1788522404318445.799	
2,APP,0.0,18851216.0,18851216.0,1788522404418445.799	
2,APP,0.0,18851216.0,18851216.0,1788522404518445.799	
2,APP,0.0,18851216.0,18851216.0,1788522404618446.799	
2,APP,0.0,18851216.0,18851216.0,1788522404718446.799	
2,APP,0.0,18851216.0,18851216.0,1788522404818446.799	
2,APP,0.0,18851216.0,18851216.0,1788522404918445.799	
2,APP,0.0,18851216.0,18851216.0,1788522405018445.799	
2,APP,0.0,18851216.0,18851216.0,1788522405118445.799	
2,APP,0.0,18851216.0,18851216.0,1788522405218445.799	
2,APP,0.0,18851216.0,18851216.0,1788522405318446.799	
2,APP,0.0,18851216.0,18851216.0,1788522405418445.799	
2,APP,0.0,18851216.0,18851216.0,1788522405518445.799	
2,APP,0.0,18851216.0,18851216.0,1788522405618446.799	
2,APP,0.0,18851216.0,18851216.0,1788522405718446.799	
2,APP,0.0,18851216.0,18851216.0,1788522405818484.799	
2,APP,0.0,18851216.0,18851216.0,1788522405918450.799	
2,APP,0.0,18851216.0,18851216.0,1788522406018448.799	
2,APP,0.0,18851216.0,18851216.0,1788522406118524.799	
2,APP,0.0,18851216.0,18851216.0,1788522406218446.799	
2,APP,0.0,18851216.0,18851216.0,1788522406318445.799	
2,APP,0.0,18851216.0,18851216.0,1788522406418552.799	
2,APP,0.0,18851216.0,18851216.0,1788522406518447.799	
2,APP,0.0,18851216.0,18851216.0,1788522406618446.799	
2,APP,0.0,18851216.0,18851216.0,1788522406718447.799	
2,APP,0.0,18851216.0,18851216.0,1788522406818448.799	
2,APP,0.0,18851216.0,18851216.0,1788522406918445.799	
2,APP,0.0,18851216.0,18851216.0,1788522407018445.799	
2,APP,0.0,18851216.0,18851216.0,1788522407118447.799	
2,APP,0.0,18851216.0,18851216.0,1788522407218445.799	
2,APP,0.0,18851216.0,18851216.0,1788522407318445.799	
2,APP,0.0,18851216.0,18851216.0,1788522407418447.799	
2,APP,0.0,18851216.0,18851216.0,1788522407518445.799	
2,APP,0.0,18851216.0,18851216.0,1788522407618447.799	
2,APP,0.0,18851216.0,18851216.0,1788522407718448.799	
2,APP,0.0,18851216.0,18851216.0,1788522407818447.799	
2,APP,0.0,18851216.0,18851216.0,1788522407918445.799	
2,APP,0.0,18851216.0,18851216.0,1788522408018447.799	
2,APP,0.0,18851216.0,18851216.0,1788522408118445.799	
2,APP,0.0,18851216.0,18851216.0,1788522408218446.799	
2,APP,0.0,18851216.0,18851216.0,1788522408318447.799	
2,APP,0.0,18851216.0,18851216.0,1788522408418449.799	
2,APP,0.0,18851216.0,18851216.0,1788522408518450.799	
2,APP,0.0,18851216.0,18851216.0,1788522408618450.799	
2,APP,0.0,18851216.0,18851216.0,1788522408718449.799	
2,APP,0.0,18851216.0,18851216.0,1788522408818447.799	
2,APP,0.0,18851216.0,18851216.0,1788522408918449.799	
2,APP,0.0,18851216.0,18851216.0,1788522409018447.799	
2,APP,0.0,18851216.0,18851216.0,1788522409118446.799	
2,APP,0.0,18851216.0,18851216.0,1788522409218449.799	
2,APP,0.0,18851216.0,18851216.0,1788522409318448.799	
2,APP,0.0,18851216.0,18851216.0,1788522409418447.799	
2,APP,0.0,18851216.0,18851216.0,1788522409518448.799	
2,APP,0.0,18851216.0,18851216.0,1788522409618449.799	
2,APP,0.0,18851216.0,18851216.0,1788522409718449.799	
2,APP,0.0,18851216.0,18851216.0,1788522409802450.799	
2,Device,0.0,19121108.0,19121108.0,1788522390918701.799	
2,Device,0.0,19128464.0,19128464.0,1788522391018669.799	
2,Device,0.0,19128464.0,19128464.0,1788522391118646.799	
2,Device,0.0,19128464.0,19128464.0,1788522391218633.799	
2,Device,0.0,19128464.0,19128464.0,1788522391318636.799	
2,Device,0.0,19128464.0,19128464.0,1788522391418637.799	
2,Device,0.0,19128464.0,19128464.0,1788522391518633.799	
2,Device,0.0,19128464.0,19128464.0,1788522391618636.799	
2,Device,0.0,19128464.0,19128464.0,1788522391718636.799	
2,Device,0.0,19128464.0,19128464.0,1788522391818637.799	
2,Device,0.0,19128464.0,19128464.0,1788522391918633.799	
2,Device,0.0,19128464.0,19128464.0,1788522392018641.799	
2,Device,0.0,19128464.0,19128464.0,1788522392118633.799	
2,Device,0.0,19128464.0,19128464.0,1788522392218634.799	
2,Device,0.0,19128464.0,19128464.0,1788522392318641.799	
2,Device,0.0,19128464.0,19128464.0,1788522392418633.799	
2,Device,0.0,19128464.0,19128464.0,1788522392518634.799	
2,Device,0.0,19128464.0,19128464.0,1788522392618639.799	
2,Device,0.0,19128464.0,19128464.0,1788522392718636.799	
2,Device,0.0,19128464.0,19128464.0,1788522392818632.799	
2,Device,0.0,19128464.0,19128464.0,1788522392918642.799	
2,Device,0.0,19128464.0,19128464.0,1788522393018638.799	
2,Device,0.0,19128464.0,19128464.0,1788522393118662.799	
2,Device,0.0,19128464.0,19128464.0,1788522393218640.799	
2,Device,0.0,19128464.0,19128464.0,1788522393318642.799	
2,Device,0.0,19128464.0,19128464.0,1788522393418636.799	
2,Device,0.0,19128236.0,19128236.0,1788522393518638.799	
2,Device,0.0,19128236.0,19128236.0,1788522393618635.799	
2,Device,0.0,19128236.0,19128236.0,1788522393718639.799	
2,Device,0.0,19128236.0,19128236.0,1788522393818638.799	
2,Device,0.0,19128236.0,19128236.0,1788522393918634.799	
2,Device,0.0,19128236.0,19128236.0,1788522394018636.799	
2,Device,0.0,19128236.0,19128236.0,1788522394118637.799	
2,Device,0.0,19128236.0,19128236.0,1788522394218634.799	
2,Device,0.0,19128236.0,19128236.0,1788522394318635.799	
2,Device,0.0,19128212.0,19128212.0,1788522394418633.799	
2,Device,0.0,19128212.0,19128212.0,1788522394518635.799	
2,Device,0.0,19128212.0,19128212.0,1788522394618695.799	
2,Device,0.0,19128212.0,19128212.0,1788522394718636.799	
2,Device,0.0,19128212.0,19128212.0,1788522394818639.799	
2,Device,0.0,19128212.0,19128212.0,1788522394918737.799	
2,Device,0.0,19128212.0,19128212.0,1788522395018636.799	
2,Device,0.0,19128212.0,19128212.0,1788522395118648.799	
2,Device,0.0,19128212.0,19128212.0,1788522395218746.799	
2,Device,0.0,19128212.0,19128212.0,1788522395318637.799	
2,Device,0.0,19128212.0,19128212.0,1788522395418633.799	
2,Device,0.0,19128212.0,19128212.0,1788522395518750.799	
2,Device,0.0,19128212.0,19128212.0,1788522395618636.799	
2,Device,0.0,19128212.0,19128212.0,1788522395718635.799	
2,Device,0.0,19128212.0,19128212.0,1788522395818749.799	
2,Device,0.0,19128212.0,19128212.0,1788522395918679.799	
2,Device,0.0,19128212.0,19128212.0,1788522396018645.799	
2,Device,0.0,19128212.0,19128212.0,1788522396118641.799	
2,Device,0.0,19128212.0,19128212.0,1788522396218643.799	
2,Device,0.0,19128212.0,19128212.0,1788522396318637.799	
2,Device,0.0,19127984.0,19127984.0,1788522396418797.799	
2,Device,0.0,19127984.0,19127984.0,1788522396518637.799	
2,Device,0.0,19127984.0,19127984.0,1788522396618639.799	
2,Device,0.0,19127984.0,19127984.0,1788522396718635.799	
2,Device,0.0,19127984.0,19127984.0,1788522396818639.799	
2,Device,0.0,19127984.0,19127984.0,1788522396918642.799	
2,Device,0.0,19127984.0,19127984.0,1788522397018635.799	
2,Device,0.0,19127984.0,19127984.0,1788522397118637.799	
2,Device,0.0,19127984.0,19127984.0,1788522397218638.799	
2,Device,0.0,19127984.0,19127984.0,1788522397318635.799	
2,Device,0.0,19127984.0,19127984.0,1788522397418637.799	
2,Device,0.0,19127960.0,19127960.0,1788522397518636.799	
2,Device,0.0,19127960.0,19127960.0,1788522397618635.799	
2,Device,0.0,19127960.0,19127960.0,1788522397718639.799	
2,Device,0.0,19127960.0,19127960.0,1788522397818642.799	
2,Device,0.0,19127960.0,19127960.0,1788522397918637.799	
2,Device,0.0,19127960.0,19127960.0,1788522398018635.799	
2,Device,0.0,19127960.0,19127960.0,1788522398118637.799	
2,Device,0.0,19127960.0,19127960.0,1788522398218634.799	
2,Device,0.0,19127960.0,19127960.0,1788522398318662.799	
2,Device,0.0,19128716.0,19128716.0,1788522398418684.799	
2,Device,0.0,19128716.0,19128716.0,1788522398518666.799	
2,Device,0.0,19128716.0,19128716.0,1788522398618765.799	
2,Device,0.0,19128716.0,19128716.0,1788522398718658.799	
2,Device,0.0,19128716.0,19128716.0,1788522398818647.799	
2,Device,0.0,19128716.0,19128716.0,1788522398918761.799	
2,Device,0.0,19128716.0,19128716.0,1788522399018651.799	
2,Device,0.0,19128716.0,19128716.0,1788522399118668.799	
2,Device,0.0,19128716.0,19128716.0,1788522399218753.799	
2,Device,0.0,19128716.0,19128716.0,1788522399318643.799	
2,Device,0.0,19128716.0,19128716.0,1788522399418643.799	
2,Device,0.0,19128716.0,19128716.0,1788522399518757.799	
2,Device,0.0,19128716.0,19128716.0,1788522399618641.799	
2,Device,0.0,19128716.0,19128716.0,1788522399718636.799	
2,Device,0.0,19128716.0,19128716.0,1788522399818640.799	
2,Device,0.0,19128716.0,19128716.0,1788522399918641.799	
2,Device,0.0,19128716.0,19128716.0,1788522400018640.799	
2,Device,0.0,19128716.0,19128716.0,1788522400118637.799	
2,Device,0.0,19128716.0,19128716.0,1788522400218636.799	
2,Device,0.0,19128716.0,19128716.0,1788522400318669.799	
2,Device,0.0,19128488.0,19128488.0,1788522400418644.799	
2,Device,0.0,19128488.0,19128488.0,1788522400518642.799	
2,Device,0.0,19128488.0,19128488.0,1788522400618639.799	
2,Device,0.0,19128488.0,19128488.0,1788522400718638.799	
2,Device,0.0,19128488.0,19128488.0,1788522400818638.799	
2,Device,0.0,19128488.0,19128488.0,1788522400918678.799	
2,Device,0.0,19128488.0,19128488.0,1788522401018648.799	
2,Device,0.0,19128488.0,19128488.0,1788522401118644.799	
2,Device,0.0,19128488.0,19128488.0,1788522401218641.799	
2,Device,0.0,19128488.0,19128488.0,1788522401318640.799	
2,Device,0.0,19128488.0,19128488.0,1788522401418637.799	
2,Device,0.0,19128464.0,19128464.0,1788522401518643.799	
2,Device,0.0,19128464.0,19128464.0,1788522401618641.799	
2,Device,0.0,19128464.0,19128464.0,1788522401718638.799	
2,Device,0.0,19128464.0,19128464.0,1788522401818640.799	
2,Device,0.0,19128464.0,19128464.0,1788522401918638.799	
2,Device,0.0,19128464.0,19128464.0,1788522402018678.799	
2,Device,0.0,19128464.0,19128464.0,1788522402118641.799	
2,Device,0.0,19128464.0,19128464.0,1788522402218637.799	
2,Device,0.0,19128464.0,19128464.0,1788522402318694.799	
2,Device,0.0,19128464.0,19128464.0,1788522402418638.799	
2,Device,0.0,19128464.0,19128464.0,1788522402518643.799	
2,Device,0.0,19128464.0,19128464.0,1788522402618748.799	
2,Device,0.0,19128464.0,19128464.0,1788522402718642.799	
2,Device,0.0,19128464.0,19128464.0,1788522402818638.799	
2,Device,0.0,19128464.0,19128464.0,1788522402918753.799	
2,Device,0.0,19128464.0,19128464.0,1788522403018636.799	
2,Device,0.0,19128464.0,19128464.0,1788522403118641.799	
2,Device,0.0,19128464.0,19128464.0,1788522403218764.799	
2,Device,0.0,19128464.0,19128464.0,1788522403318637.799	
2,Device,0.0,19128236.0,19128236.0,1788522403418634.799	
2,Device,0.0,19128236.0,19128236.0,1788522403518751.799	
2,Device,0.0,19128236.0,19128236.0,1788522403618636.799	
2,Device,0.0,19128236.0,19128236.0,1788522403718638.799	
2,Device,0.0,19128236.0,19128236.0,1788522403818637.799	
2,Device,0.0,19128236.0,19128236.0,1788522403918634.799	
2,Device,0.0,19128236.0,19128236.0,1788522404018638.799	
2,Device,0.0,19128236.0,19128236.0,1788522404118636.799	
2,Device,0.0,19128236.0,19128236.0,1788522404218637.799	
2,Device,0.0,19128236.0,19128236.0,1788522404318639.799	
2,Device,0.0,19128212.0,19128212.0,1788522404418637.799	
2,Device,0.0,19128212.0,19128212.0,1788522404518655.799	
2,Device,0.0,19128212.0,19128212.0,1788522404618638.799	
2,Device,0.0,19128212.0,19128212.0,1788522404718637.799	
2,Device,0.0,19128212.0,19128212.0,1788522404818637.799	
2,Device,0.0,19128212.0,19128212.0,1788522404918635.799	
2,Device,0.0,19128212.0,19128212.0,1788522405018634.799	
2,Device,0.0,19128212.0,19128212.0,1788522405118667.799	
2,Device,0.0,19128212.0,19128212.0,1788522405218638.799	
2,Device,0.0,19128212.0,19128212.0,1788522405318637.799	
2,Device,0.0,19128212.0,19128212.0,1788522405418693.799	
2,Device,0.0,19128212.0,19128212.0,1788522405518644.799	
2,Device,0.0,19128212.0,19128212.0,1788522405618635.799	
2,Device,0.0,19128212.0,19128212.0,1788522405718738.799	
2,Device,0.0,19128212.0,19128212.0,1788522405818637.799	
2,Device,0.0,19128212.0,19128212.0,1788522405918664.799	
2,Device,0.0,19128212.0,19128212.0,1788522406018762.799	
2,Device,0.0,19128212.0,19128212.0,1788522406118691.799	
2,Device,0.0,19128212.0,19128212.0,1788522406218642.799	
2,Device,0.0,19128212.0,19128212.0,1788522406318758.799	
2,Device,0.0,19127984.0,19127984.0,1788522406418652.799	
2,Device,0.0,19127984.0,19127984.0,1788522406518637.799	
2,Device,0.0,19127984.0,19127984.0,1788522406618752.799	
2,Device,0.0,19127984.0,19127984.0,1788522406718635.799	
2,Device,0.0,19127984.0,19127984.0,1788522406818643.799	
2,Device,0.0,19127984.0,19127984.0,1788522406918636.799	
2,Device,0.0,19127984.0,19127984.0,1788522407018634.799	
2,Device,0.0,19127984.0,19127984.0,1788522407118648.799	
2,Device,0.0,19127984.0,19127984.0,1788522407218636.799	
2,Device,0.0,19127984.0,19127984.0,1788522407318640.799	
2,Device,0.0,19127960.0,19127960.0,1788522407418640.799	
2,Device,0.0,19127960.0,19127960.0,1788522407518636.799	
2,Device,0.0,19127960.0,19127960.0,1788522407618641.799	
2,Device,0.0,19127960.0,19127960.0,1788522407718640.799	
2,Device,0.0,19127960.0,19127960.0,1788522407818640.799	
2,Device,0.0,19127960.0,19127960.0,1788522407918643.799	
2,Device,0.0,19127960.0,19127960.0,1788522408018635.799	
2,Device,0.0,19127960.0,19127960.0,1788522408118634.799	
2,Device,0.0,19127960.0,19127960.0,1788522408218634.799	
2,Device,0.0,19127960.0,19127960.0,1788522408318638.799	
2,Device,0.0,19128716.0,19128716.0,1788522408418685.799	
2,Device,0.0,19128716.0,19128716.0,1788522408518658.799	
2,Device,0.0,19128716.0,19128716.0,1788522408618662.799	
2,Device,0.0,19128716.0,19128716.0,1788522408718650.799	
2,Device,0.0,19128716.0,19128716.0,1788522408818648.799	
2,Device,0.0,19128716.0,19128716.0,1788522408918644.799	
2,Device,0.0,19128716.0,19128716.0,1788522409018641.799	
2,Device,0.0,19128716.0,19128716.0,1788522409118641.799	
2,Device,0.0,19128716.0,19128716.0,1788522409218678.799	
2,Device,0.0,19128716.0,19128716.0,1788522409318656.799	
2,Device,0.0,19128716.0,19128716.0,1788522409418731.799	
2,Device,0.0,19128716.0,19128716.0,1788522409518680.799	
2,Device,0.0,19128716.0,19128716.0,1788522409618656.799	
2,Device,0.0,19128716.0,19128716.0,1788522409718741.799	
2,Device,0.0,19125644.0,19125644.0,1788522409813753.799	
